epoch,step,train_accuracy,train_loss,val_accuracy,val_loss
0,29,,,0.5375000238418579,0.6744973659515381
1,49,0.625,0.6671139597892761,,
1,59,,,0.6916666626930237,0.6522306799888611
