epoch,step,test_accuracy,test_loss,val_accuracy,val_loss
0,7,,,0.8000000715255737,0.5432060956954956
1,8,0.7416667342185974,0.5885703563690186,,
