epoch,step,test_accuracy,test_loss,val_accuracy,val_loss
0,7,,,0.4583333432674408,0.7006398439407349
1,8,0.5375000238418579,0.6883367896080017,,
